{"name": "CL", "n": 100, "ne": 225, "learning_rate": 0.1, "learning_step": 1000, "epoch": 100, "jax": false, "min_k": 1e-06, "max_k": 1000000.0, "indices_source": [0, 49, 23], "inputs_source": [0.0, 0.5, 2.0], "indices_target": [15, 43], "outputs_target": [0.4, 0.9], "target_type": "node", "losses": [0.018276000081480066, 0.017900242100766402, 0.017475309253733202, 0.017043250069537556, 0.016604731598120367, 0.016160382557478828, 0.01571080099536065, 0.01525656142420759, 0.014798221367361338, 0.014336327296765861, 0.0138714199653036, 0.013404039147852601, 0.012934727808887048, 0.012464035714044527, 0.011992522500642285, 0.011520760219092855, 0.011049335354585774, 0.01057885033718058, 0.01010992454926574, 0.009643194842892125, 0.009179315586365271, 0.008718958270332297, 0.008262810718834002, 0.007811575970921095, 0.007365970923481996, 0.00692672485572738, 0.00649457798938814, 0.006070280274186214, 0.005654590621999253, 0.005248276839471535, 0.004852116518186764, 0.004466899119606605, 0.00409342941790857, 0.0037325323087334626, 0.0033850587184618064, 0.0030518919139543104, 0.0027339528767509023, 0.0025328252312387368, 0.002396297273497059, 0.002263151806132732, 0.002133601586268168, 0.002007839527726202, 0.0018860368740487125, 0.001768342093700058, 0.0016548803364172188, 0.0015457533271510944, 0.0014410396019112872, 0.0013407950106584647, 0.0012450534281370678, 0.0011538276255773537, 0.0010671102655281598, 0.0009848749894565427, 0.0009070775736737841, 0.0008336571340168172, 0.0007645373637533055, 0.000699627792573296, 0.0006388250573519667, 0.0005820141776850505, 0.0005290698310026665, 0.0004798576233719469, 0.00043423535290092327, 0.0003920542629493965, 0.00035316028218298915, 0.00031739524790967623, 0.0002845981082096386, 0.00025460609720954976, 0.00022725587660127176, 0.00020238463530111844, 0.00017983113814336364, 0.00015943671382676164, 0.00014104617210436733, 0.00012450864048692183, 0.0001096783115569546, 9.641509333930737e-05, 8.458515698195854e-05, 7.406137816847767e-05, 6.472367107538683e-05, 5.64592161648983e-05, 4.916258551402064e-05, 4.2735771598335074e-05, 3.708812735150771e-05, 3.2136226841739896e-05, 2.780365698264681e-05, 2.402075132398508e-05, 2.0724277157901576e-05, 1.7857086971358275e-05, 1.5367744733008264e-05, 1.3210136693935351e-05, 1.1343075377622726e-05, 9.729904310842854e-06, 8.338109866909036e-06, 7.1389454137947785e-06, 6.107071828859576e-06, 5.220217392430101e-06, 4.458859128477998e-06, 3.8059268360314095e-06, 3.2465303547080352e-06, 2.7677100304586306e-06, 2.358209887378909e-06, 2.0082726575161058e-06, 1.7094555623907666e-06], "end_epoch": [0, 10, 20, 30, 40, 50, 60, 70, 80, 90, 100, 110, 120, 130, 140, 150, 160, 170, 180, 190, 200, 210, 220, 230, 240, 250, 260, 270, 280, 290, 300, 310, 320, 330, 340, 350, 360, 370, 380, 390, 400, 410, 420, 430, 440, 450, 460, 470, 480, 490, 500, 510, 520, 530, 540, 550, 560, 570, 580, 590, 600, 610, 620, 630, 640, 650, 660, 670, 680, 690, 700, 710, 720, 730, 740, 750, 760, 770, 780, 790, 800, 810, 820, 830, 840, 850, 860, 870, 880, 890, 900, 910, 920, 930, 940, 950, 960, 970, 980, 990, 1000]}