{"nodes": [0, 1, 2, 3, 4, 5, 6, 7, 8, 9, 10, 11, 12, 13, 14, 15, 16, 17, 18, 19, 20, 21, 22, 23, 24, 25, 26, 27, 28, 29, 30, 31, 32, 33, 34, 35, 36, 37, 38, 39, 40, 41, 42, 43, 44, 45, 46, 47, 48, 49, 50, 51, 52, 53, 54, 55, 56, 57, 58, 59, 60, 61, 62, 63, 64, 65, 66, 67, 68, 69, 70, 71, 72, 73, 74, 75, 76, 77, 78, 79, 80, 81, 82, 83, 84, 85, 86, 87, 88, 89, 90, 91, 92, 93, 94, 95, 96, 97, 98, 99], "pts": [[1.3701340639178083, -0.20276951538495502], [0.0030638444872105866, -0.8443949708915711], [-1.2502051982270657, 0.3522101390405867], [2.1350222405876185, 1.2545490470534182], [-1.225978580398595, -1.7150917843108453], [0.4034736721251138, 0.9450494917439539], [1.3321480626021982, -1.6397592936201781], [0.10874641762719049, -2.493780598810656], [-2.472869959314218, -0.8866549644599858], [-2.5603514069274884, 1.7693729450378441], [3.0780995116419785, -0.464971477355673], [1.561784296453646, -3.14419680327617], [-0.6847950601702898, 2.24795536916973], [-3.3407024997424295, 0.3045487622786892], [2.718978835924353, -2.1641871699392974], [1.1652669557586504, 2.9006948242020685], [-1.3396932817430611, -3.44991632462063], [-2.6331535185252006, -2.408884284354943], [3.116980127932286, 2.8658483395137595], [0.32148423509910584, -4.2424503261345725], [4.06477263580989, 1.1927248132756048], [4.151023222973424, -1.8431310438533701], [-0.27291562321338064, 4.1489423058842805], [3.1577891669157347, -3.837736447564111], [-4.781821841345179, -0.015770224241241932], [-4.489643021511282, 1.6843497142501362], [-4.102488968725535, -1.56109265996133], [-2.121036586535121, 3.5582765532728713], [-0.921043103045505, -5.431210087802247], [5.059084386402148, -0.4221339425409732], [2.2770804671412974, 4.54373397434118], [5.033774568470419, 2.844223352478166], [4.687168083744316, -4.752373591478001], [0.5898125442948506, -5.9349769771493905], [0.8262315599783591, 5.45657161688035], [4.737620638664001, -3.2199927056993305], [4.08132266020026, 4.330614794610437], [-3.962694447391032, -3.540817783921971], [-2.570987883455376, -4.856158706316606], [-6.262879554516451, 0.8088960489216647], [-1.680327405015336, 5.145947209764113], [5.700406472875182, -2.0256410233168767], [-5.980816063030217, -0.9500608233153366], [-3.826427231794595, 3.29622841078844], [1.864638663781916, -4.971894010025008], [-2.080785492691571, -6.500563995921107], [-3.4154311112678664, 5.048845332341812], [-0.540532637065248, 6.119589974272294], [2.1073894112388167, 6.298308262277907], [6.038901168479141, 1.215210718999789], [7.007267900284396, 2.9260325263115243], [0.7337848526565899, 7.037429182819642], [5.8662665569128425, 4.537890878129513], [-5.678563260958725, -2.6715922909854086], [7.20529626179702, -2.2363892631160347], [0.8695962670637308, -7.471542875714133], [-7.468606982480122, -0.4122019477097104], [6.3627208061283085, -3.7876897580986446], [-7.220321537917626, -1.9162219086196324], [-6.162377029117884, 2.6972318188247155], [-3.6963157930812627, -7.212402939235672], [3.334533773804523, -5.580395424605946], [-0.6044414254817501, -6.970202634582081], [-5.228356342537039, 4.358115483534256], [4.748066031043147, -6.30614319147478], [-4.153398153614128, -5.498624763074333], [3.543589722693176, 5.785653639945871], [6.643293955176781, 6.1244730387820505], [-8.190732305903344, 1.2101640860103549], [-5.640420262385006, -4.599388324059841], [-2.0608346236772914, 6.5908727036254815], [8.67496912094097, -1.7429478888732297], [-0.8579720832492822, 7.839259873224865], [-7.390375298701453, -3.668427109763382], [8.329703383151642, -3.6078141493611557], [2.3453798270439377, 8.033118798267292], [-4.8918088556538155, 6.06751630214672], [-2.615580028767316, 8.076299918209617], [-6.4108703897053605, 5.699690289251073], [2.29856023034202, -8.504527768601061], [0.7040703401869277, 8.627731981445855], [-2.0223771862688094, -8.265611845490104], [7.023580341273947, -0.4814169369009425], [2.061274664433493, -6.495878188757326], [7.782994543490445, 1.3340279366982237], [-8.956685612058418, -2.1687468553413214], [-7.912049000584625, 2.958107416976229], [3.4620873842992332, -7.16767758416283], [-5.56492316571007, -6.578311241160102], [-0.2722084966404965, -8.527324463982193], [4.2510598160139885, 7.607030925081517], [6.424621955685051, -5.747303920229784], [5.0630476986406014, 6.061457360511346], [-9.027059995170372, -0.3744801766258916], [-3.575157235851356, 6.8331823844288015], [8.945784507779239, 0.011097471698597882], [7.635347704977386, 4.58794785849044], [-7.0049181124655995, 4.247196911917517], [-7.314435066959639, -5.644705251011104], [-0.5707268403534681, 9.574359451072425]], "edges": [[0, 3], [0, 10], [0, 1], [0, 5], [0, 6], [1, 2], [1, 4], [1, 6], [2, 9], [2, 12], [2, 5], [2, 8], [3, 10], [3, 15], [3, 18], [3, 20], [3, 5], [4, 16], [4, 7], [4, 8], [4, 17], [5, 12], [6, 7], [6, 11], [6, 14], [7, 16], [7, 19], [7, 11], [8, 26], [8, 13], [8, 17], [9, 12], [9, 25], [9, 27], [9, 13], [10, 20], [10, 29], [10, 14], [10, 21], [11, 19], [11, 23], [11, 14], [12, 15], [12, 22], [12, 27], [13, 25], [13, 24], [14, 23], [14, 21], [15, 18], [15, 22], [15, 30], [16, 19], [16, 38], [16, 17], [17, 26], [17, 37], [18, 20], [18, 30], [18, 31], [18, 36], [19, 28], [19, 33], [19, 44], [20, 29], [20, 31], [20, 49], [21, 29], [21, 35], [21, 41], [22, 27], [22, 34], [22, 40], [23, 32], [23, 35], [23, 44], [23, 61], [24, 25], [24, 26], [24, 39], [24, 42], [25, 39], [25, 59], [25, 43], [26, 37], [26, 53], [27, 46], [27, 40], [27, 43], [28, 38], [28, 33], [28, 45], [28, 62], [29, 49], [29, 82], [29, 41], [30, 34], [30, 48], [30, 66], [31, 49], [31, 50], [31, 52], [31, 36], [32, 35], [32, 61], [32, 64], [33, 44], [33, 55], [33, 62], [33, 83], [34, 47], [34, 48], [34, 51], [35, 57], [35, 41], [36, 52], [36, 66], [37, 38], [37, 53], [37, 69], [38, 45], [38, 65], [39, 59], [39, 68], [39, 42], [39, 56], [40, 46], [40, 47], [40, 70], [41, 54], [42, 53], [42, 56], [42, 58], [43, 63], [44, 61], [44, 83], [45, 60], [45, 81], [45, 62], [46, 63], [46, 76], [46, 94], [47, 72], [47, 51], [47, 70], [48, 75], [48, 51], [48, 66], [49, 50], [49, 82], [49, 84], [50, 52], [50, 84], [50, 96], [51, 72], [51, 80], [52, 67], [52, 92], [52, 96], [53, 69], [53, 73], [53, 58], [54, 57], [54, 74], [54, 82], [54, 71], [55, 79], [55, 62], [55, 83], [55, 89], [56, 68], [56, 58], [56, 93], [57, 74], [57, 91], [58, 73], [58, 85], [59, 63], [59, 86], [59, 97], [60, 81], [60, 88], [60, 65], [61, 64], [61, 83], [61, 87], [62, 89], [63, 76], [63, 78], [63, 97], [64, 91], [64, 87], [65, 69], [65, 88], [66, 92], [67, 92], [68, 86], [68, 93], [69, 73], [69, 88], [69, 98], [70, 72], [70, 77], [70, 94], [71, 95], [72, 77], [72, 80], [72, 99], [73, 98], [75, 90], [75, 80], [76, 78], [76, 94], [77, 94], [78, 97], [79, 87], [80, 99], [81, 89], [82, 95], [83, 87], [84, 95], [85, 93], [86, 97], [88, 98], [90, 92]]}